WOJEWODZTWO,MARKA,LICZBA
DOLNOŚLĄSKIE,ALFA ROMEO,47
DOLNOŚLĄSKIE,ALLIED VEHICLES LTD,1
DOLNOŚLĄSKIE,ASTON MARTIN,2
DOLNOŚLĄSKIE,AUDI,750
DOLNOŚLĄSKIE,AUSTIN,1
DOLNOŚLĄSKIE,AUTO UNION,1
DOLNOŚLĄSKIE,BAIC,35
DOLNOŚLĄSKIE,BMW,706
DOLNOŚLĄSKIE,BMW ALPINA,1
DOLNOŚLĄSKIE,BRILLIANCE,1
DOLNOŚLĄSKIE,BUICK,1
DOLNOŚLĄSKIE,BYD,26
DOLNOŚLĄSKIE,CHEVROLET,43
DOLNOŚLĄSKIE,CHRYSLER,9
DOLNOŚLĄSKIE,CITROEN,226
DOLNOŚLĄSKIE,CITROEN/CARPOL,1
DOLNOŚLĄSKIE,CUPRA,96
DOLNOŚLĄSKIE,DACIA,181
DOLNOŚLĄSKIE,DAEWOO,2
DOLNOŚLĄSKIE,DAIHATSU,2
DOLNOŚLĄSKIE,DAIMLERCHRYSLER,15
DOLNOŚLĄSKIE,DFSK,1
DOLNOŚLĄSKIE,DODGE,36
DOLNOŚLĄSKIE,DS,10
DOLNOŚLĄSKIE,FERRARI,4
DOLNOŚLĄSKIE,FIAT,157
DOLNOŚLĄSKIE,FORD,749
DOLNOŚLĄSKIE,FORD/FC AUTO SYSTEM,1
DOLNOŚLĄSKIE,FORD/GERMAZ,1
DOLNOŚLĄSKIE,GMC,1
DOLNOŚLĄSKIE,GRUAU,1
DOLNOŚLĄSKIE,HONDA,118
DOLNOŚLĄSKIE,HYUNDAI,464
DOLNOŚLĄSKIE,INFINITI,2
DOLNOŚLĄSKIE,JAECOO,50
DOLNOŚLĄSKIE,JAGUAR,16
DOLNOŚLĄSKIE,JAGUAR LAND ROVER,1
DOLNOŚLĄSKIE,JEEP,70
DOLNOŚLĄSKIE,KG MOBILITY,12
DOLNOŚLĄSKIE,KIA,352
DOLNOŚLĄSKIE,LANCIA,6
DOLNOŚLĄSKIE,LAND ROVER,71
DOLNOŚLĄSKIE,LEAPMOTOR,6
DOLNOŚLĄSKIE,LEXUS,101
DOLNOŚLĄSKIE,LINCOLN,1
DOLNOŚLĄSKIE,MASERATI,6
DOLNOŚLĄSKIE,MATRA,1
DOLNOŚLĄSKIE,MAZDA,209
DOLNOŚLĄSKIE,MCC,1
DOLNOŚLĄSKIE,MCC SMART,1
DOLNOŚLĄSKIE,MCLAREN,1
DOLNOŚLĄSKIE,MERCEDES,1
DOLNOŚLĄSKIE,MERCEDES-AMG,3
DOLNOŚLĄSKIE,MERCEDES-BENZ,529
DOLNOŚLĄSKIE,MG,54
DOLNOŚLĄSKIE,MG ROEWE,1
DOLNOŚLĄSKIE,MINI,52
DOLNOŚLĄSKIE,MITSUBISHI,55
DOLNOŚLĄSKIE,NISSAN,190
DOLNOŚLĄSKIE,OMODA,38
DOLNOŚLĄSKIE,OPEL,566
DOLNOŚLĄSKIE,OPEL/CARPOL,2
DOLNOŚLĄSKIE,PEUGEOT,274
DOLNOŚLĄSKIE,POLESTAR,1
DOLNOŚLĄSKIE,PONTIAC,1
DOLNOŚLĄSKIE,PORSCHE,44
DOLNOŚLĄSKIE,RAM,3
DOLNOŚLĄSKIE,RENAULT,321
DOLNOŚLĄSKIE,RENAULT/CARPOL,9
DOLNOŚLĄSKIE,ROLLS-ROYCE,1
DOLNOŚLĄSKIE,SAAB,6
DOLNOŚLĄSKIE,SEAT,171
DOLNOŚLĄSKIE,SKODA,648
DOLNOŚLĄSKIE,SMART,21
DOLNOŚLĄSKIE,SSANGYONG,8
DOLNOŚLĄSKIE,SUBARU,29
DOLNOŚLĄSKIE,SUZUKI,113
DOLNOŚLĄSKIE,TESLA,25
DOLNOŚLĄSKIE,TOYOTA,788
DOLNOŚLĄSKIE,TOYOTA/CARPOL,3
DOLNOŚLĄSKIE,TOYOTA/STEELER,1
DOLNOŚLĄSKIE,TRIUMPH,2
DOLNOŚLĄSKIE,VAUXHALL,3
DOLNOŚLĄSKIE,VOLKSWAGEN,984
DOLNOŚLĄSKIE,VOLVO,359
DOLNOŚLĄSKIE,WOŁGA,1
KUJAWSKO-POMORSKIE,ALFA ROMEO,6
KUJAWSKO-POMORSKIE,ALPINE,1
KUJAWSKO-POMORSKIE,AM GENERAL,3
KUJAWSKO-POMORSKIE,AUDI,393
KUJAWSKO-POMORSKIE,BAIC,14
KUJAWSKO-POMORSKIE,BENTLEY,2
KUJAWSKO-POMORSKIE,BMW,360
KUJAWSKO-POMORSKIE,BYD,19
KUJAWSKO-POMORSKIE,CADILLAC,2
KUJAWSKO-POMORSKIE,CHEVROLET,27
KUJAWSKO-POMORSKIE,CHRYSLER,8
KUJAWSKO-POMORSKIE,CITROEN,138
KUJAWSKO-POMORSKIE,CITROEN/CARPOL,1
KUJAWSKO-POMORSKIE,CUPRA,64
KUJAWSKO-POMORSKIE,DACIA,111
KUJAWSKO-POMORSKIE,DAIHATSU,5
KUJAWSKO-POMORSKIE,DAIMLER,1
KUJAWSKO-POMORSKIE,DAIMLERCHRYSLER,10
KUJAWSKO-POMORSKIE,DODGE,18
KUJAWSKO-POMORSKIE,DS,7
KUJAWSKO-POMORSKIE,FERRARI,2
KUJAWSKO-POMORSKIE,FIAT,77
KUJAWSKO-POMORSKIE,FORD,382
KUJAWSKO-POMORSKIE,FORD/GERMAZ,1
KUJAWSKO-POMORSKIE,FORD-CNG-TECHNIK,1
KUJAWSKO-POMORSKIE,FORTHING,1
KUJAWSKO-POMORSKIE,HONDA,46
KUJAWSKO-POMORSKIE,HYUNDAI,260
KUJAWSKO-POMORSKIE,INFINITI,2
KUJAWSKO-POMORSKIE,INFINITY,1
KUJAWSKO-POMORSKIE,JAECOO,24
KUJAWSKO-POMORSKIE,JAGUAR,5
KUJAWSKO-POMORSKIE,JAGUAR LAND ROVER,1
KUJAWSKO-POMORSKIE,JAGUAR LAND ROVER LIMITED,1
KUJAWSKO-POMORSKIE,JEEP,43
KUJAWSKO-POMORSKIE,KG MOBILITY,5
KUJAWSKO-POMORSKIE,KIA,259
KUJAWSKO-POMORSKIE,LANCIA,5
KUJAWSKO-POMORSKIE,LAND ROVER,25
KUJAWSKO-POMORSKIE,LEAPMOTOR,9
KUJAWSKO-POMORSKIE,LEXUS,42
KUJAWSKO-POMORSKIE,LINCOLN,1
KUJAWSKO-POMORSKIE,MASERATI,4
KUJAWSKO-POMORSKIE,MAZDA,107
KUJAWSKO-POMORSKIE,MERCEDES,1
KUJAWSKO-POMORSKIE,MERCEDES-AMG,3
KUJAWSKO-POMORSKIE,MERCEDES-BENZ,310
KUJAWSKO-POMORSKIE,MERCURY,1
KUJAWSKO-POMORSKIE,MG,63
KUJAWSKO-POMORSKIE,MINI,20
KUJAWSKO-POMORSKIE,MITSUBISHI,46
KUJAWSKO-POMORSKIE,NISSAN,149
KUJAWSKO-POMORSKIE,OMODA,38
KUJAWSKO-POMORSKIE,OPEL,534
KUJAWSKO-POMORSKIE,PEUGEOT,255
KUJAWSKO-POMORSKIE,PEUGEOT/CARPOL,1
KUJAWSKO-POMORSKIE,PORSCHE,20
KUJAWSKO-POMORSKIE,RAM,6
KUJAWSKO-POMORSKIE,RENAULT,207
KUJAWSKO-POMORSKIE,RENAULT/CARPOL,2
KUJAWSKO-POMORSKIE,SAAB,3
KUJAWSKO-POMORSKIE,SEAT,74
KUJAWSKO-POMORSKIE,SKODA,341
KUJAWSKO-POMORSKIE,SMART,5
KUJAWSKO-POMORSKIE,SSANGYONG,1
KUJAWSKO-POMORSKIE,SUBARU,10
KUJAWSKO-POMORSKIE,SUZUKI,53
KUJAWSKO-POMORSKIE,TESLA,5
KUJAWSKO-POMORSKIE,TOYOTA,408
KUJAWSKO-POMORSKIE,VOLKSWAGEN,587
KUJAWSKO-POMORSKIE,VOLVO,228
LUBELSKIE,ALFA ROMEO,25
LUBELSKIE,ASTON MARTIN,1
LUBELSKIE,ASVE,1
LUBELSKIE,AUDI,442
LUBELSKIE,BAIC,11
LUBELSKIE,BENTLEY,1
LUBELSKIE,BMW,344
LUBELSKIE,BYD,2
LUBELSKIE,CADILLAC,2
LUBELSKIE,CHEVROLET,32
LUBELSKIE,CHRYSLER,22
LUBELSKIE,CITROEN,170
LUBELSKIE,CITROEN/CARPOL,1
LUBELSKIE,CUPRA,29
LUBELSKIE,DACIA,80
LUBELSKIE,DAIHATSU,3
LUBELSKIE,DAIMLERCHRYSLER,5
LUBELSKIE,DFSK,1
LUBELSKIE,DODGE,31
LUBELSKIE,DS,5
LUBELSKIE,FENGON,1
LUBELSKIE,FIAT,64
LUBELSKIE,FORD,447
LUBELSKIE,FORTHING,5
LUBELSKIE,GENESIS,1
LUBELSKIE,GMC,2
LUBELSKIE,HONDA,81
LUBELSKIE,HYUNDAI,312
LUBELSKIE,INFINITI,3
LUBELSKIE,INFINITY,1
LUBELSKIE,JAECOO,26
LUBELSKIE,JAGUAR,11
LUBELSKIE,JEEP,81
LUBELSKIE,KG MOBILITY,3
LUBELSKIE,KIA,283
LUBELSKIE,LANCIA,5
LUBELSKIE,LAND ROVER,20
LUBELSKIE,LEAPMOTOR,5
LUBELSKIE,LEXUS,43
LUBELSKIE,LYNK & CO,1
LUBELSKIE,MASERATI,7
LUBELSKIE,MAZDA,83
LUBELSKIE,MERCEDES-AMG,1
LUBELSKIE,MERCEDES-BENZ,257
LUBELSKIE,MERCUS,1
LUBELSKIE,MG,43
LUBELSKIE,MINI,29
LUBELSKIE,MITSUBISHI,63
LUBELSKIE,NISSAN,115
LUBELSKIE,OMODA,20
LUBELSKIE,OPEL,385
LUBELSKIE,PEUGEOT,192
LUBELSKIE,POLESTAR,1
LUBELSKIE,PORSCHE,21
LUBELSKIE,RAM,2
LUBELSKIE,RENAULT,246
LUBELSKIE,ROVER,1
LUBELSKIE,SAAB,6
LUBELSKIE,SEAT,86
LUBELSKIE,SKODA,204
LUBELSKIE,SMART,3
LUBELSKIE,SOVAB,1
LUBELSKIE,SSANGYONG,4
LUBELSKIE,SUBARU,31
LUBELSKIE,SUZUKI,70
LUBELSKIE,TESLA,10
LUBELSKIE,TOYOTA,338
LUBELSKIE,VAUXHALL,1
LUBELSKIE,VOLKSWAGEN,345
LUBELSKIE,VOLVO,363
LUBUSKIE,ALFA ROMEO,7
LUBUSKIE,ALPINA,1
LUBUSKIE,AUDI,244
LUBUSKIE,BAIC,21
LUBUSKIE,BMW,220
LUBUSKIE,BYD,9
LUBUSKIE,CADILLAC,1
LUBUSKIE,CHEVROLET,12
LUBUSKIE,CHRYSLER,3
LUBUSKIE,CITROEN,115
LUBUSKIE,CUPRA,37
LUBUSKIE,DACIA,56
LUBUSKIE,DAEWOO,1
LUBUSKIE,DAIHATSU,4
LUBUSKIE,DAIMLER-BENZ,1
LUBUSKIE,DAIMLERCHRYSLER,3
LUBUSKIE,DFSK,1
LUBUSKIE,DODGE,7
LUBUSKIE,DS,4
LUBUSKIE,FERRARI,1
LUBUSKIE,FIAT,41
LUBUSKIE,FORD,302
LUBUSKIE,FORTHING,1
LUBUSKIE,HONDA,33
LUBUSKIE,HYUNDAI,154
LUBUSKIE,INFINITI,2
LUBUSKIE,JAECOO,27
LUBUSKIE,JAGUAR,6
LUBUSKIE,JEEP,23
LUBUSKIE,KG MOBILITY,3
LUBUSKIE,KIA,94
LUBUSKIE,LADA,1
LUBUSKIE,LAMBORGHINI,1
LUBUSKIE,LANCIA,3
LUBUSKIE,LAND ROVER,12
LUBUSKIE,LEXUS,10
LUBUSKIE,MASERATI,2
LUBUSKIE,MAZDA,76
LUBUSKIE,MERCEDES,1
LUBUSKIE,MERCEDES-AMG,1
LUBUSKIE,MERCEDES-BENZ,181
LUBUSKIE,MG,28
LUBUSKIE,MG ROEWE,1
LUBUSKIE,MINI,27
LUBUSKIE,MITSUBISHI,40
LUBUSKIE,NISSAN,76
LUBUSKIE,OMODA,17
LUBUSKIE,OPEL,251
LUBUSKIE,PEUGEOT,111
LUBUSKIE,PORSCHE,10
LUBUSKIE,RANGE ROVER,1
LUBUSKIE,RENAULT,106
LUBUSKIE,RENAULT/CARPOL,1
LUBUSKIE,SAAB,2
LUBUSKIE,SEAT,72
LUBUSKIE,SKODA,201
LUBUSKIE,SMART,3
LUBUSKIE,SSANGYONG,1
LUBUSKIE,SUBARU,12
LUBUSKIE,SUZUKI,32
LUBUSKIE,TESLA,7
LUBUSKIE,TOYOTA,231
LUBUSKIE,TOYOTA/STEELER,1
LUBUSKIE,VOLKSWAGEN,496
LUBUSKIE,VOLVO,85
LUBUSKIE,WARTBURG,1
ŁÓDZKIE,ABARTH,1
ŁÓDZKIE,ALFA ROMEO,29
ŁÓDZKIE,AM GENERAL,1
ŁÓDZKIE,ASTON MARTIN,2
ŁÓDZKIE,AUDI,433
ŁÓDZKIE,BAIC,21
ŁÓDZKIE,BENTLEY,2
ŁÓDZKIE,BMW,427
ŁÓDZKIE,BUICK,2
ŁÓDZKIE,BYD,15
ŁÓDZKIE,CADILLAC,2
ŁÓDZKIE,CHEVROLET,42
ŁÓDZKIE,CHRYSLER,30
ŁÓDZKIE,CITROEN,213
ŁÓDZKIE,CITROEN-DS,1
ŁÓDZKIE,CUPRA,76
ŁÓDZKIE,DACIA,108
ŁÓDZKIE,DAIHATSU,3
ŁÓDZKIE,DAIMLERCHRYSLER,3
ŁÓDZKIE,DFSK,1
ŁÓDZKIE,DODGE,31
ŁÓDZKIE,DS,12
ŁÓDZKIE,FIAT,103
ŁÓDZKIE,FORD,408
ŁÓDZKIE,FORD-CNG-TECHNIK,2
ŁÓDZKIE,FORTHING,7
ŁÓDZKIE,GAZ,1
ŁÓDZKIE,GMC,1
ŁÓDZKIE,HONDA,94
ŁÓDZKIE,HYUNDAI,416
ŁÓDZKIE,INFINITI,5
ŁÓDZKIE,IVECO,1
ŁÓDZKIE,JAECOO,43
ŁÓDZKIE,JAGUAR,15
ŁÓDZKIE,JEEP,65
ŁÓDZKIE,KG MOBILITY,6
ŁÓDZKIE,KIA,359
ŁÓDZKIE,KM,1
ŁÓDZKIE,LAMBORGHINI,1
ŁÓDZKIE,LANCIA,3
ŁÓDZKIE,LAND ROVER,35
ŁÓDZKIE,LEAPMOTOR,12
ŁÓDZKIE,LEXUS,54
ŁÓDZKIE,LINCOLN,3
ŁÓDZKIE,LOTUS,1
ŁÓDZKIE,MASERATI,5
ŁÓDZKIE,MAZDA,152
ŁÓDZKIE,MERCEDES,2
ŁÓDZKIE,MERCEDES-AMG,2
ŁÓDZKIE,MERCEDES-BENZ,295
ŁÓDZKIE,MERCURY,1
ŁÓDZKIE,MG,63
ŁÓDZKIE,MINI,26
ŁÓDZKIE,MITSUBISHI,82
ŁÓDZKIE,NISSAN,157
ŁÓDZKIE,OMODA,63
ŁÓDZKIE,OPEL,526
ŁÓDZKIE,PEUGEOT,256
ŁÓDZKIE,PORSCHE,36
ŁÓDZKIE,RAM,9
ŁÓDZKIE,RENAULT,255
ŁÓDZKIE,RENAULT/CARPOL,1
ŁÓDZKIE,ROLLS-ROYCE,1
ŁÓDZKIE,SAAB,5
ŁÓDZKIE,SEAT,101
ŁÓDZKIE,SIMCA,1
ŁÓDZKIE,SKODA,346
ŁÓDZKIE,SMART,3
ŁÓDZKIE,SSANGYONG,4
ŁÓDZKIE,SUBARU,22
ŁÓDZKIE,SUZUKI,83
ŁÓDZKIE,TESLA,10
ŁÓDZKIE,TESLA MOTORS,1
ŁÓDZKIE,TOYOTA,524
ŁÓDZKIE,TOYOTA/CARPOL,1
ŁÓDZKIE,VAUXHALL,2
ŁÓDZKIE,VOLKSWAGEN,471
ŁÓDZKIE,VOLVO,311
MAŁOPOLSKIE,ABARTH,1
MAŁOPOLSKIE,ACURA,1
MAŁOPOLSKIE,ALFA ROMEO,79
MAŁOPOLSKIE,ALLIED VEHICLES LTD,1
MAŁOPOLSKIE,AUDI,745
MAŁOPOLSKIE,BAIC,46
MAŁOPOLSKIE,BENTLEY,2
MAŁOPOLSKIE,BMW,716
MAŁOPOLSKIE,BOSMAL,1
MAŁOPOLSKIE,BUICK,2
MAŁOPOLSKIE,BYD,12
MAŁOPOLSKIE,CADILLAC,3
MAŁOPOLSKIE,CHEVROLET,38
MAŁOPOLSKIE,CHRYSLER,20
MAŁOPOLSKIE,CITROEN,241
MAŁOPOLSKIE,CUPRA,112
MAŁOPOLSKIE,DACIA,209
MAŁOPOLSKIE,DAIHATSU,5
MAŁOPOLSKIE,DAIMLER-BENZ,1
MAŁOPOLSKIE,DAIMLERCHRYSLER,3
MAŁOPOLSKIE,DATSUN,1
MAŁOPOLSKIE,DODGE,42
MAŁOPOLSKIE,DR,1
MAŁOPOLSKIE,DS,34
MAŁOPOLSKIE,FERRARI,2
MAŁOPOLSKIE,FIAT,234
MAŁOPOLSKIE,FIAT/CARPOL,1
MAŁOPOLSKIE,FORD,714
MAŁOPOLSKIE,FORD-CNG-TECHNIK,1
MAŁOPOLSKIE,FORTHING,3
MAŁOPOLSKIE,FORTING,1
MAŁOPOLSKIE,HONDA,112
MAŁOPOLSKIE,HUMMER,1
MAŁOPOLSKIE,HYUNDAI,440
MAŁOPOLSKIE,INEOS,1
MAŁOPOLSKIE,INFINITI,6
MAŁOPOLSKIE,INFINITY,1
MAŁOPOLSKIE,JAECOO,29
MAŁOPOLSKIE,JAGUAR,24
MAŁOPOLSKIE,JAGUAR LAND ROVER LIMITED,1
MAŁOPOLSKIE,JEEP,153
MAŁOPOLSKIE,KG MOBILITY,10
MAŁOPOLSKIE,KIA,456
MAŁOPOLSKIE,LAMBORGHINI,2
MAŁOPOLSKIE,LANCIA,12
MAŁOPOLSKIE,LAND ROVER,77
MAŁOPOLSKIE,LEAPMOTOR,31
MAŁOPOLSKIE,LEXUS,119
MAŁOPOLSKIE,LINCOLN,1
MAŁOPOLSKIE,MASERATI,5
MAŁOPOLSKIE,MAXUS,1
MAŁOPOLSKIE,MAZDA,192
MAŁOPOLSKIE,MCC,1
MAŁOPOLSKIE,MCLAREN,1
MAŁOPOLSKIE,MERCEDES,1
MAŁOPOLSKIE,MERCEDES-AMG,1
MAŁOPOLSKIE,MERCEDES-BENZ,474
MAŁOPOLSKIE,MG,57
MAŁOPOLSKIE,MG ROEWE,2
MAŁOPOLSKIE,MINI,62
MAŁOPOLSKIE,MITSUBISHI,78
MAŁOPOLSKIE,NISSAN,200
MAŁOPOLSKIE,OMODA,37
MAŁOPOLSKIE,OPEL,648
MAŁOPOLSKIE,OPEL/CARPOL,3
MAŁOPOLSKIE,PEUGEOT,396
MAŁOPOLSKIE,PONTIAC,1
MAŁOPOLSKIE,PORSCHE,78
MAŁOPOLSKIE,RAM,10
MAŁOPOLSKIE,RANGE ROVER,1
MAŁOPOLSKIE,RENAULT,407
MAŁOPOLSKIE,RENAULT/CARPOL,5
MAŁOPOLSKIE,ROVER,1
MAŁOPOLSKIE,SAAB,3
MAŁOPOLSKIE,SEAT,217
MAŁOPOLSKIE,SKODA,485
MAŁOPOLSKIE,SMART,16
MAŁOPOLSKIE,SSANGYONG,3
MAŁOPOLSKIE,STEYR FIAT,1
MAŁOPOLSKIE,SUBARU,40
MAŁOPOLSKIE,SUZUKI,288
MAŁOPOLSKIE,TESLA,30
MAŁOPOLSKIE,TOYOTA,1137
MAŁOPOLSKIE,VAUXHALL,2
MAŁOPOLSKIE,VOLKSWAGEN,745
MAŁOPOLSKIE,VOLVO,360
MAZOWIECKIE,ALFA ROMEO,166
MAZOWIECKIE,ALPINE,1
MAZOWIECKIE,ASTON MARTIN,2
MAZOWIECKIE,AUDI,1581
MAZOWIECKIE,AUSTIN,1
MAZOWIECKIE,AVANTIER,1
MAZOWIECKIE,BAIC,88
MAZOWIECKIE,BENTLEY,4
MAZOWIECKIE,BMW,1595
MAZOWIECKIE,BUICK,5
MAZOWIECKIE,BWM,1
MAZOWIECKIE,BYD,96
MAZOWIECKIE,CADILLAC,5
MAZOWIECKIE,CHEVROLET,90
MAZOWIECKIE,CHRYSLER,104
MAZOWIECKIE,CITROEN,382
MAZOWIECKIE,CITROEN/CARPOL,12
MAZOWIECKIE,CUPRA,233
MAZOWIECKIE,DACIA,554
MAZOWIECKIE,DAEWOO,1
MAZOWIECKIE,DAIHATSU,8
MAZOWIECKIE,DAIMLER-BENZ,1
MAZOWIECKIE,DAIMLERCHRYSLER,10
MAZOWIECKIE,DAIMLERCHRYSLER AG,1
MAZOWIECKIE,DODGE,106
MAZOWIECKIE,DS,22
MAZOWIECKIE,FERRARI,8
MAZOWIECKIE,FIAT,204
MAZOWIECKIE,FIAT/CARPOL,2
MAZOWIECKIE,FORD,1301
MAZOWIECKIE,FORD-CNG-TECHNIK,4
MAZOWIECKIE,FORTHING,13
MAZOWIECKIE,FSO,1
MAZOWIECKIE,GAZ,2
MAZOWIECKIE,GMC,2
MAZOWIECKIE,HONDA,259
MAZOWIECKIE,HONGQI,13
MAZOWIECKIE,HYUNDAI,1032
MAZOWIECKIE,INEOS,1
MAZOWIECKIE,INFINITI,11
MAZOWIECKIE,IVECO,2
MAZOWIECKIE,JAECOO,64
MAZOWIECKIE,JAGUAR,61
MAZOWIECKIE,JEEP,201
MAZOWIECKIE,KG MOBILITY,22
MAZOWIECKIE,KG MOBILLITY,1
MAZOWIECKIE,KIA,1302
MAZOWIECKIE,LADA,1
MAZOWIECKIE,LAMBORGHINI,8
MAZOWIECKIE,LANCIA,16
MAZOWIECKIE,LAND ROVER,178
MAZOWIECKIE,LEADING IDEAL,1
MAZOWIECKIE,LEAPMOTOR,33
MAZOWIECKIE,LEXUS,431
MAZOWIECKIE,LINCOLN,1
MAZOWIECKIE,LYNK & CO,1
MAZOWIECKIE,MAN/AZ,1
MAZOWIECKIE,MASERATI,18
MAZOWIECKIE,MAZDA,395
MAZOWIECKIE,MCLAREN,2
MAZOWIECKIE,MERCEDES,3
MAZOWIECKIE,MERCEDES-AMG,5
MAZOWIECKIE,MERCEDES-BENZ,1362
MAZOWIECKIE,MERCEDES-BENZ AG,1
MAZOWIECKIE,MERCUS,2
MAZOWIECKIE,MG,205
MAZOWIECKIE,MINI,181
MAZOWIECKIE,MITSUBISHI,140
MAZOWIECKIE,NISSAN,534
MAZOWIECKIE,OMODA,82
MAZOWIECKIE,OPEL,1085
MAZOWIECKIE,OPEL/CARPOL,2
MAZOWIECKIE,PEUGEOT,897
MAZOWIECKIE,PEUGEOT/CARPOL,3
MAZOWIECKIE,POLESTAR,3
MAZOWIECKIE,PONTIAC,1
MAZOWIECKIE,PORSCHE,193
MAZOWIECKIE,RAM,17
MAZOWIECKIE,RENAULT,1032
MAZOWIECKIE,RENAULT/CARPOL,71
MAZOWIECKIE,RIVIAN,1
MAZOWIECKIE,ROLLS ROYCE,2
MAZOWIECKIE,ROLLS-ROYCE,1
MAZOWIECKIE,ROVER,4
MAZOWIECKIE,SAAB,9
MAZOWIECKIE,SEAT,297
MAZOWIECKIE,SKODA,2162
MAZOWIECKIE,SMART,17
MAZOWIECKIE,SSANGYONG,16
MAZOWIECKIE,SUBARU,64
MAZOWIECKIE,SUZUKI,251
MAZOWIECKIE,TESLA,123
MAZOWIECKIE,TESLA MOTORS,1
MAZOWIECKIE,TOYOTA,2800
MAZOWIECKIE,TOYOTA/CARPOL,2
MAZOWIECKIE,TRIUMPH,2
MAZOWIECKIE,TVR,1
MAZOWIECKIE,VOLKSWAGEN,1744
MAZOWIECKIE,VOLVO,1286
MAZOWIECKIE,XPENG,2
OPOLSKIE,ALFA ROMEO,7
OPOLSKIE,AUDI,195
OPOLSKIE,BAIC,7
OPOLSKIE,BENTLEY,2
OPOLSKIE,BMW,137
OPOLSKIE,BYD,4
OPOLSKIE,CADILLAC,1
OPOLSKIE,CHEVROLET,7
OPOLSKIE,CHRYSLER,11
OPOLSKIE,CITROEN,28
OPOLSKIE,CUPRA,22
OPOLSKIE,DACIA,45
OPOLSKIE,DAIHATSU,3
OPOLSKIE,DAIMLER-BENZ,1
OPOLSKIE,DAIMLERCHRYSLER,4
OPOLSKIE,DFSK,2
OPOLSKIE,DODGE,16
OPOLSKIE,DS,3
OPOLSKIE,FIAT,35
OPOLSKIE,FORD,236
OPOLSKIE,HONDA,16
OPOLSKIE,HYUNDAI,114
OPOLSKIE,INFINITI,1
OPOLSKIE,ISUZU,1
OPOLSKIE,JAECOO,7
OPOLSKIE,JAGUAR,5
OPOLSKIE,JEEP,23
OPOLSKIE,KG MOBILITY,1
OPOLSKIE,KIA,85
OPOLSKIE,LANCIA,1
OPOLSKIE,LAND ROVER,5
OPOLSKIE,LEXUS,19
OPOLSKIE,LINCOLN,1
OPOLSKIE,MAZDA,44
OPOLSKIE,MERCEDES-AMG,1
OPOLSKIE,MERCEDES-BENZ,141
OPOLSKIE,MG,22
OPOLSKIE,MINI,13
OPOLSKIE,MITSUBISHI,15
OPOLSKIE,NISSAN,40
OPOLSKIE,OMODA,27
OPOLSKIE,OPEL,183
OPOLSKIE,PEUGEOT,71
OPOLSKIE,PONTIAC,1
OPOLSKIE,PORSCHE,8
OPOLSKIE,RAM,2
OPOLSKIE,RENAULT,63
OPOLSKIE,RENAULT/CARPOL,16
OPOLSKIE,ROLLS-ROYCE,1
OPOLSKIE,SAAB,1
OPOLSKIE,SEAT,82
OPOLSKIE,SKODA,153
OPOLSKIE,SMART,3
OPOLSKIE,SSANGYONG,1
OPOLSKIE,SUBARU,4
OPOLSKIE,SUZUKI,27
OPOLSKIE,TESLA,5
OPOLSKIE,TOYOTA,120
OPOLSKIE,TRIUMPH,1
OPOLSKIE,VOLKSWAGEN,372
OPOLSKIE,VOLVO,49
PODKARPACKIE,ALFA ROMEO,27
PODKARPACKIE,ALLIED VEHICLES LTD,1
PODKARPACKIE,AUDI,395
PODKARPACKIE,BAIC,25
PODKARPACKIE,BENTLEY,1
PODKARPACKIE,BMW,331
PODKARPACKIE,BUICK,4
PODKARPACKIE,BYD,3
PODKARPACKIE,CADILLAC,1
PODKARPACKIE,CHEVROLET,35
PODKARPACKIE,CHRYSLER,10
PODKARPACKIE,CITROEN,172
PODKARPACKIE,CUPRA,31
PODKARPACKIE,DACIA,121
PODKARPACKIE,DAEWOO,1
PODKARPACKIE,DAIHATSU,6
PODKARPACKIE,DAIMLER-BENZ,1
PODKARPACKIE,DODGE,27
PODKARPACKIE,DS,16
PODKARPACKIE,FERRARI,1
PODKARPACKIE,FIAT,151
PODKARPACKIE,FORD,412
PODKARPACKIE,FORD-CNG-TECHNIK,2
PODKARPACKIE,FORTHING,5
PODKARPACKIE,GAZ,1
PODKARPACKIE,HONDA,109
PODKARPACKIE,HUMMER,1
PODKARPACKIE,HYUNDAI,330
PODKARPACKIE,INFINITI,3
PODKARPACKIE,INFINITY,1
PODKARPACKIE,JAECOO,8
PODKARPACKIE,JAGUAR,9
PODKARPACKIE,JEEP,88
PODKARPACKIE,KG MOBILITY,6
PODKARPACKIE,KIA,283
PODKARPACKIE,LADA,8
PODKARPACKIE,LANCIA,10
PODKARPACKIE,LAND ROVER,15
PODKARPACKIE,LEAPMOTOR,3
PODKARPACKIE,LEXUS,53
PODKARPACKIE,MASERATI,2
PODKARPACKIE,MAZDA,94
PODKARPACKIE,MERCEDES,1
PODKARPACKIE,MERCEDES-AMG,2
PODKARPACKIE,MERCEDES-BENZ,213
PODKARPACKIE,MG,47
PODKARPACKIE,MINI,26
PODKARPACKIE,MITSUBISHI,66
PODKARPACKIE,NISSAN,174
PODKARPACKIE,OMODA,13
PODKARPACKIE,OPEL,406
PODKARPACKIE,PEUGEOT,266
PODKARPACKIE,PONTIAC,1
PODKARPACKIE,PORSCHE,14
PODKARPACKIE,RAM,5
PODKARPACKIE,RENAULT,222
PODKARPACKIE,RENAULT/CARPOL,3
PODKARPACKIE,ROLLS ROYCE,1
PODKARPACKIE,SAAB,1
PODKARPACKIE,SEAT,107
PODKARPACKIE,SKODA,181
PODKARPACKIE,SMART,11
PODKARPACKIE,SSANGYONG,8
PODKARPACKIE,SUBARU,21
PODKARPACKIE,SUZUKI,113
PODKARPACKIE,TESLA,15
PODKARPACKIE,TOYOTA,378
PODKARPACKIE,TOYOTA/CARPOL,1
PODKARPACKIE,TRIUMPH,1
PODKARPACKIE,VAUXHALL,1
PODKARPACKIE,VOLKSWAGEN,349
PODKARPACKIE,VOLVO,181
PODKARPACKIE,WILLYS-OVERLAND,1
PODKARPACKIE,ZASTAVA,1
PODLASKIE,ACURA,1
PODLASKIE,ALFA ROMEO,8
PODLASKIE,ASTON MARTIN,1
PODLASKIE,AUDI,209
PODLASKIE,BAIC,7
PODLASKIE,BMW,199
PODLASKIE,BUICK,1
PODLASKIE,CADILLAC,3
PODLASKIE,CHEVROLET,15
PODLASKIE,CHRYSLER,47
PODLASKIE,CITROEN,77
PODLASKIE,CUPRA,23
PODLASKIE,DACIA,48
PODLASKIE,DAIHATSU,1
PODLASKIE,DAIMLER-BENZ,1
PODLASKIE,DAIMLERCHRYSLER,3
PODLASKIE,DODGE,43
PODLASKIE,DS,3
PODLASKIE,FIAT,35
PODLASKIE,FORD,191
PODLASKIE,FORTHING,2
PODLASKIE,GENESIS,1
PODLASKIE,HONDA,41
PODLASKIE,HYUNDAI,168
PODLASKIE,INFINITI,3
PODLASKIE,JAECOO,5
PODLASKIE,JAGUAR,9
PODLASKIE,JEEP,80
PODLASKIE,KG MOBILITY,2
PODLASKIE,KIA,154
PODLASKIE,LANCIA,2
PODLASKIE,LAND ROVER,21
PODLASKIE,LEAPMOTOR,9
PODLASKIE,LEXUS,44
PODLASKIE,LUAZ,1
PODLASKIE,MASERATI,2
PODLASKIE,MAXUS,1
PODLASKIE,MAZDA,62
PODLASKIE,MERCEDES,2
PODLASKIE,MERCEDES-BENZ,157
PODLASKIE,MG,34
PODLASKIE,MINI,14
PODLASKIE,MITSUBISHI,35
PODLASKIE,MORGAN,1
PODLASKIE,NISSAN,67
PODLASKIE,OMODA,8
PODLASKIE,OPEL,197
PODLASKIE,PEUGEOT,102
PODLASKIE,PEUGEOT/CARPOL,1
PODLASKIE,PORSCHE,18
PODLASKIE,RAM,7
PODLASKIE,RENAULT,71
PODLASKIE,RENAULT/CARPOL,4
PODLASKIE,SAAB,1
PODLASKIE,SEAT,33
PODLASKIE,SKODA,74
PODLASKIE,SMART,5
PODLASKIE,SSANGYONG,2
PODLASKIE,SUBARU,21
PODLASKIE,SUZUKI,33
PODLASKIE,TESLA,6
PODLASKIE,TOYOTA,286
PODLASKIE,VOLKSWAGEN,168
PODLASKIE,VOLVO,150
POMORSKIE,ACURA,1
POMORSKIE,ALFA ROMEO,29
POMORSKIE,ASTON MARTIN,1
POMORSKIE,AUDI,697
POMORSKIE,BAIC,27
POMORSKIE,BENTLEY,3
POMORSKIE,BMW,405
POMORSKIE,BMW I,1
POMORSKIE,BUICK,1
POMORSKIE,BYD,55
POMORSKIE,CADILLAC,1
POMORSKIE,CAMP AUTOMOBILITE,1
POMORSKIE,CHEVROLET,24
POMORSKIE,CHRYSLER,13
POMORSKIE,CITROEN,168
POMORSKIE,CITROEN/CARPOL,1
POMORSKIE,CUBY,1
POMORSKIE,CUPRA,128
POMORSKIE,DACIA,162
POMORSKIE,DAEWOO,1
POMORSKIE,DAIHATSU,2
POMORSKIE,DAIMLERCHRYSLER,6
POMORSKIE,DATSUN,1
POMORSKIE,DESOTO,1
POMORSKIE,DFSK,1
POMORSKIE,DODGE,39
POMORSKIE,DS,13
POMORSKIE,FENGON,1
POMORSKIE,FERRARI,2
POMORSKIE,FIAT,73
POMORSKIE,FORD,585
POMORSKIE,FORTHING,7
POMORSKIE,HONDA,66
POMORSKIE,HYUNDAI,302
POMORSKIE,JAECOO,30
POMORSKIE,JAGUAR,8
POMORSKIE,JAGUAR LAND ROVER LIMITED,1
POMORSKIE,JEEP,82
POMORSKIE,KG MOBILITY,10
POMORSKIE,KIA,291
POMORSKIE,LADA,3
POMORSKIE,LAMBORGHINI,2
POMORSKIE,LANCIA,4
POMORSKIE,LAND ROVER,39
POMORSKIE,LEAPMOTOR,1
POMORSKIE,LEXUS,69
POMORSKIE,LINCOLN,1
POMORSKIE,MAN/V-VAN,2
POMORSKIE,MASERATI,4
POMORSKIE,MAZDA,98
POMORSKIE,MCLAREN,1
POMORSKIE,MERCEDES,2
POMORSKIE,MERCEDES-AMG,2
POMORSKIE,MERCEDES-BENZ,467
POMORSKIE,MG,107
POMORSKIE,MINI,39
POMORSKIE,MITSUBISHI,47
POMORSKIE,NISSAN,136
POMORSKIE,OMODA,31
POMORSKIE,OPEL,365
POMORSKIE,OPEL/CARPOL,1
POMORSKIE,PEUGEOT,192
POMORSKIE,PORSCHE,50
POMORSKIE,RAM,2
POMORSKIE,RENAULT,210
POMORSKIE,RENAULT/CARPOL,8
POMORSKIE,SAAB,5
POMORSKIE,SEAT,115
POMORSKIE,SKODA,570
POMORSKIE,SMART,5
POMORSKIE,SSANGYONG,4
POMORSKIE,STEYR DAIMLER-PUCH,1
POMORSKIE,SUBARU,15
POMORSKIE,SUZUKI,84
POMORSKIE,TESLA,14
POMORSKIE,TOYOTA,537
POMORSKIE,TOYOTA/CARPOL,1
POMORSKIE,UAZ,1
POMORSKIE,VAUXHALL,2
POMORSKIE,VOLKSWAGEN,915
POMORSKIE,VOLVO,339
ŚLĄSKIE,ALFA ROMEO,79
ŚLĄSKIE,ALLIED VEHICLES LTD,1
ŚLĄSKIE,ALPINE,2
ŚLĄSKIE,AUDI,777
ŚLĄSKIE,BAIC,43
ŚLĄSKIE,BENTLEY,2
ŚLĄSKIE,BMW,791
ŚLĄSKIE,BYD,30
ŚLĄSKIE,CADILLAC,3
ŚLĄSKIE,CARBODIES,1
ŚLĄSKIE,CHEVROLET,58
ŚLĄSKIE,CHRYSLER,28
ŚLĄSKIE,CITROEN,312
ŚLĄSKIE,CUPRA,151
ŚLĄSKIE,DACIA,299
ŚLĄSKIE,DAEWOO,1
ŚLĄSKIE,DAIHATSU,4
ŚLĄSKIE,DAIMLERCHRYSLER,12
ŚLĄSKIE,DODGE,65
ŚLĄSKIE,DS,47
ŚLĄSKIE,FERRARI,4
ŚLĄSKIE,FIAT,290
ŚLĄSKIE,FORD,790
ŚLĄSKIE,FORD/FORD POLSKA,1
ŚLĄSKIE,FORD-CNG-TECHNIK,1
ŚLĄSKIE,FORTHING,18
ŚLĄSKIE,GAZ,2
ŚLĄSKIE,GENESIS,1
ŚLĄSKIE,GMC,3
ŚLĄSKIE,HONDA,114
ŚLĄSKIE,HUMMER,2
ŚLĄSKIE,HYUNDAI,551
ŚLĄSKIE,INFINITI,4
ŚLĄSKIE,INFINITY,1
ŚLĄSKIE,JAECOO,70
ŚLĄSKIE,JAGUAR,17
ŚLĄSKIE,JECOO,1
ŚLĄSKIE,JEEP,119
ŚLĄSKIE,KG MOBILITY,24
ŚLĄSKIE,KIA,592
ŚLĄSKIE,LAMBORGHINI,2
ŚLĄSKIE,LANCIA,7
ŚLĄSKIE,LAND ROVER,42
ŚLĄSKIE,LEAPMOTOR,22
ŚLĄSKIE,LEXUS,118
ŚLĄSKIE,LINCOLN,1
ŚLĄSKIE,LYNK & CO,1
ŚLĄSKIE,MAN/V-VAN,1
ŚLĄSKIE,MASERATI,8
ŚLĄSKIE,MAZDA,271
ŚLĄSKIE,MCC,1
ŚLĄSKIE,MERCEDES,1
ŚLĄSKIE,MERCEDES-AMG,3
ŚLĄSKIE,MERCEDES-BENZ,576
ŚLĄSKIE,MG,231
ŚLĄSKIE,MG ROEWE,16
ŚLĄSKIE,MINI,82
ŚLĄSKIE,MITSUBISHI,87
ŚLĄSKIE,NISSAN,240
ŚLĄSKIE,OLDSMOBILE,1
ŚLĄSKIE,OMODA,105
ŚLĄSKIE,OPEL,739
ŚLĄSKIE,OPEL/CARPOL,2
ŚLĄSKIE,PEUGEOT,466
ŚLĄSKIE,POLESTAR,1
ŚLĄSKIE,PONTIAC,1
ŚLĄSKIE,PORSCHE,57
ŚLĄSKIE,RAM,3
ŚLĄSKIE,RENAULT,457
ŚLĄSKIE,RENAULT/CARPOL,4
ŚLĄSKIE,ROEWE,1
ŚLĄSKIE,ROLLS ROYCE,1
ŚLĄSKIE,ROVER,1
ŚLĄSKIE,SAAB,2
ŚLĄSKIE,SANTANA,1
ŚLĄSKIE,SEAT,264
ŚLĄSKIE,SKODA,870
ŚLĄSKIE,SMART,3
ŚLĄSKIE,SSANGYONG,9
ŚLĄSKIE,STEYR-PUCH,1
ŚLĄSKIE,SUBARU,33
ŚLĄSKIE,SUZUKI,184
ŚLĄSKIE,TESLA,31
ŚLĄSKIE,TOYOTA,1167
ŚLĄSKIE,TOYOTA/CARPOL,3
ŚLĄSKIE,TOYOTA/STEELER,1
ŚLĄSKIE,TRABANT,1
ŚLĄSKIE,VOLKSWAGEN,955
ŚLĄSKIE,VOLVO,492
ŚLĄSKIE,WAZ,2
ŚWIĘTOKRZYSKIE,ALFA ROMEO,19
ŚWIĘTOKRZYSKIE,AUDI,276
ŚWIĘTOKRZYSKIE,BAIC,13
ŚWIĘTOKRZYSKIE,BMW,217
ŚWIĘTOKRZYSKIE,BYD,2
ŚWIĘTOKRZYSKIE,CADILLAC,1
ŚWIĘTOKRZYSKIE,CHEVROLET,20
ŚWIĘTOKRZYSKIE,CHRYSLER,8
ŚWIĘTOKRZYSKIE,CITROEN,131
ŚWIĘTOKRZYSKIE,CUPRA,29
ŚWIĘTOKRZYSKIE,DACIA,44
ŚWIĘTOKRZYSKIE,DAIHATSU,3
ŚWIĘTOKRZYSKIE,DAIMLERCHRYSLER,3
ŚWIĘTOKRZYSKIE,DODGE,10
ŚWIĘTOKRZYSKIE,DS,3
ŚWIĘTOKRZYSKIE,FIAT,66
ŚWIĘTOKRZYSKIE,FORD,303
ŚWIĘTOKRZYSKIE,FORD/FC AUTO SYSTEM,1
ŚWIĘTOKRZYSKIE,FORTHING,7
ŚWIĘTOKRZYSKIE,FPRD,1
ŚWIĘTOKRZYSKIE,HONDA,48
ŚWIĘTOKRZYSKIE,HYUNDAI,303
ŚWIĘTOKRZYSKIE,INFINITI,2
ŚWIĘTOKRZYSKIE,JAECOO,10
ŚWIĘTOKRZYSKIE,JAGUAR,6
ŚWIĘTOKRZYSKIE,JEEP,31
ŚWIĘTOKRZYSKIE,KG MOBILITY,3
ŚWIĘTOKRZYSKIE,KIA,193
ŚWIĘTOKRZYSKIE,LAND ROVER,9
ŚWIĘTOKRZYSKIE,LEAPMOTOR,1
ŚWIĘTOKRZYSKIE,LEXUS,44
ŚWIĘTOKRZYSKIE,LINCOLN,1
ŚWIĘTOKRZYSKIE,MASERATI,1
ŚWIĘTOKRZYSKIE,MAZDA,55
ŚWIĘTOKRZYSKIE,MCC SMART,2
ŚWIĘTOKRZYSKIE,MERCEDES-BENZ,138
ŚWIĘTOKRZYSKIE,MG,32
ŚWIĘTOKRZYSKIE,MINI,21
ŚWIĘTOKRZYSKIE,MITSUBISHI,29
ŚWIĘTOKRZYSKIE,NISSAN,110
ŚWIĘTOKRZYSKIE,OMODA,9
ŚWIĘTOKRZYSKIE,OPEL,277
ŚWIĘTOKRZYSKIE,PEUGEOT,160
ŚWIĘTOKRZYSKIE,PORSCHE,6
ŚWIĘTOKRZYSKIE,RAM,1
ŚWIĘTOKRZYSKIE,RENAULT,185
ŚWIĘTOKRZYSKIE,SAAB,4
ŚWIĘTOKRZYSKIE,SEAT,93
ŚWIĘTOKRZYSKIE,SKODA,83
ŚWIĘTOKRZYSKIE,SMART,3
ŚWIĘTOKRZYSKIE,SSANGYONG,2
ŚWIĘTOKRZYSKIE,SUBARU,12
ŚWIĘTOKRZYSKIE,SUZUKI,65
ŚWIĘTOKRZYSKIE,TESLA,2
ŚWIĘTOKRZYSKIE,TOYOTA,228
ŚWIĘTOKRZYSKIE,TOYOTA/CARPOL,5
ŚWIĘTOKRZYSKIE,VAUXHALL,1
ŚWIĘTOKRZYSKIE,VOLKSWAGEN,287
ŚWIĘTOKRZYSKIE,VOLKSWAGEN/CARPOL,2
ŚWIĘTOKRZYSKIE,VOLVO,153
ŚWIĘTOKRZYSKIE,WAZ,1
WARMIŃSKO-MAZURSKIE,ALFA ROMEO,16
WARMIŃSKO-MAZURSKIE,AUDI,264
WARMIŃSKO-MAZURSKIE,BAIC,8
WARMIŃSKO-MAZURSKIE,BENTLEY,1
WARMIŃSKO-MAZURSKIE,BMW,152
WARMIŃSKO-MAZURSKIE,BUICK,1
WARMIŃSKO-MAZURSKIE,BYD,4
WARMIŃSKO-MAZURSKIE,CHEVROLET,16
WARMIŃSKO-MAZURSKIE,CHRYSLER,6
WARMIŃSKO-MAZURSKIE,CITROEN,84
WARMIŃSKO-MAZURSKIE,CUPRA,30
WARMIŃSKO-MAZURSKIE,DACIA,82
WARMIŃSKO-MAZURSKIE,DAEWOO,1
WARMIŃSKO-MAZURSKIE,DAIHATSU,2
WARMIŃSKO-MAZURSKIE,DAIMLER-BENZ,1
WARMIŃSKO-MAZURSKIE,DAIMLERCHRYSLER,3
WARMIŃSKO-MAZURSKIE,DODGE,13
WARMIŃSKO-MAZURSKIE,DS,5
WARMIŃSKO-MAZURSKIE,FIAT,30
WARMIŃSKO-MAZURSKIE,FORD,280
WARMIŃSKO-MAZURSKIE,FORD-CNG-TECHNIK,1
WARMIŃSKO-MAZURSKIE,HONDA,33
WARMIŃSKO-MAZURSKIE,HYUNDAI,185
WARMIŃSKO-MAZURSKIE,INFINITI,1
WARMIŃSKO-MAZURSKIE,INFINITY,1
WARMIŃSKO-MAZURSKIE,JAECOO,6
WARMIŃSKO-MAZURSKIE,JAGUAR,1
WARMIŃSKO-MAZURSKIE,JEEP,32
WARMIŃSKO-MAZURSKIE,KG MOBILITY,7
WARMIŃSKO-MAZURSKIE,KIA,188
WARMIŃSKO-MAZURSKIE,LAMBORGHINI,1
WARMIŃSKO-MAZURSKIE,LANCIA,1
WARMIŃSKO-MAZURSKIE,LAND ROVER,12
WARMIŃSKO-MAZURSKIE,LEAPMOTOR,2
WARMIŃSKO-MAZURSKIE,LEXUS,31
WARMIŃSKO-MAZURSKIE,LINCOLN,1
WARMIŃSKO-MAZURSKIE,LYNK & CO,1
WARMIŃSKO-MAZURSKIE,MAZDA,44
WARMIŃSKO-MAZURSKIE,MERCEDES-BENZ,114
WARMIŃSKO-MAZURSKIE,MERCURY,1
WARMIŃSKO-MAZURSKIE,MG,65
WARMIŃSKO-MAZURSKIE,MINI,15
WARMIŃSKO-MAZURSKIE,MITSUBISHI,27
WARMIŃSKO-MAZURSKIE,NISSAN,100
WARMIŃSKO-MAZURSKIE,OMODA,3
WARMIŃSKO-MAZURSKIE,OPEL,250
WARMIŃSKO-MAZURSKIE,PEUGEOT,119
WARMIŃSKO-MAZURSKIE,PONTIAC,1
WARMIŃSKO-MAZURSKIE,PORSCHE,12
WARMIŃSKO-MAZURSKIE,RAM,3
WARMIŃSKO-MAZURSKIE,RENAULT,120
WARMIŃSKO-MAZURSKIE,RENAULT/CARPOL,4
WARMIŃSKO-MAZURSKIE,SAAB,3
WARMIŃSKO-MAZURSKIE,SEAT,52
WARMIŃSKO-MAZURSKIE,SKODA,171
WARMIŃSKO-MAZURSKIE,SMART,1
WARMIŃSKO-MAZURSKIE,SSANGYONG,1
WARMIŃSKO-MAZURSKIE,SUBARU,17
WARMIŃSKO-MAZURSKIE,SUZUKI,35
WARMIŃSKO-MAZURSKIE,TESLA,1
WARMIŃSKO-MAZURSKIE,TOYOTA,287
WARMIŃSKO-MAZURSKIE,TOYOTA/CARPOL,1
WARMIŃSKO-MAZURSKIE,VOLKSWAGEN,309
WARMIŃSKO-MAZURSKIE,VOLVO,94
WIELKOPOLSKIE,ALFA ROMEO,50
WIELKOPOLSKIE,ASTON MARTIN,3
WIELKOPOLSKIE,AUDI,891
WIELKOPOLSKIE,AZLK,1
WIELKOPOLSKIE,BAIC,29
WIELKOPOLSKIE,BENTLEY,6
WIELKOPOLSKIE,BERTONE,1
WIELKOPOLSKIE,BMW,1018
WIELKOPOLSKIE,BMW I,1
WIELKOPOLSKIE,BUICK,4
WIELKOPOLSKIE,BYD,35
WIELKOPOLSKIE,CADILLAC,2
WIELKOPOLSKIE,CHEVROLET,60
WIELKOPOLSKIE,CHRYSLER,26
WIELKOPOLSKIE,CITROEN,653
WIELKOPOLSKIE,CUPRA,170
WIELKOPOLSKIE,DACIA,251
WIELKOPOLSKIE,DAEWOO,1
WIELKOPOLSKIE,DAIHATSU,14
WIELKOPOLSKIE,DAIMLER-BENZ,4
WIELKOPOLSKIE,DAIMLERCHRYSLER,19
WIELKOPOLSKIE,DODGE,38
WIELKOPOLSKIE,DS,28
WIELKOPOLSKIE,FERRARI,2
WIELKOPOLSKIE,FIAT,307
WIELKOPOLSKIE,FORD,1070
WIELKOPOLSKIE,FORD-CNG-TECHNIK,1
WIELKOPOLSKIE,FORTHING,2
WIELKOPOLSKIE,FSM,1
WIELKOPOLSKIE,FSM-BIELSKO BIAŁA,1
WIELKOPOLSKIE,GAZ,3
WIELKOPOLSKIE,GMC,3
WIELKOPOLSKIE,HONDA,117
WIELKOPOLSKIE,HUMMER,2
WIELKOPOLSKIE,HYUNDAI,553
WIELKOPOLSKIE,INEOS,1
WIELKOPOLSKIE,INFINITI,3
WIELKOPOLSKIE,INFINITY,1
WIELKOPOLSKIE,IVECO,1
WIELKOPOLSKIE,JAC,1
WIELKOPOLSKIE,JAECOO,44
WIELKOPOLSKIE,JAGUAR,30
WIELKOPOLSKIE,JAGUAR LAND ROVER,1
WIELKOPOLSKIE,JAGUAR LAND ROVER LIMITED,1
WIELKOPOLSKIE,JEEP,100
WIELKOPOLSKIE,KG MOBILITY,11
WIELKOPOLSKIE,KG MOBILLITY,1
WIELKOPOLSKIE,KIA,473
WIELKOPOLSKIE,LADA,2
WIELKOPOLSKIE,LAMBORGHINI,2
WIELKOPOLSKIE,LANCIA,22
WIELKOPOLSKIE,LAND ROVER,66
WIELKOPOLSKIE,LEAPMOTOR,22
WIELKOPOLSKIE,LEXUS,122
WIELKOPOLSKIE,LINCOLN,2
WIELKOPOLSKIE,MASERATI,10
WIELKOPOLSKIE,MAZDA,202
WIELKOPOLSKIE,MCLAREN,1
WIELKOPOLSKIE,MERCEDES,2
WIELKOPOLSKIE,MERCEDES/AUTOMET,1
WIELKOPOLSKIE,MERCEDES-AMG,7
WIELKOPOLSKIE,MERCEDES-BENZ,867
WIELKOPOLSKIE,MERCUS,1
WIELKOPOLSKIE,MG,143
WIELKOPOLSKIE,MINI,83
WIELKOPOLSKIE,MITSUBISHI,81
WIELKOPOLSKIE,NISSAN,360
WIELKOPOLSKIE,OLDSMOBILE,1
WIELKOPOLSKIE,OMODA,46
WIELKOPOLSKIE,OPEL,870
WIELKOPOLSKIE,OPEL/CARPOL,2
WIELKOPOLSKIE,PEUGEOT,970
WIELKOPOLSKIE,PEUGEOT/CARPOL,1
WIELKOPOLSKIE,PONTIAC,1
WIELKOPOLSKIE,PORSCHE,82
WIELKOPOLSKIE,RAM,2
WIELKOPOLSKIE,RENAULT,777
WIELKOPOLSKIE,RENAULT/CARPOL,10
WIELKOPOLSKIE,ROVER,2
WIELKOPOLSKIE,SAAB,3
WIELKOPOLSKIE,SEAT,263
WIELKOPOLSKIE,SKODA,648
WIELKOPOLSKIE,SMART,39
WIELKOPOLSKIE,SSANGYONG,6
WIELKOPOLSKIE,SUBARU,20
WIELKOPOLSKIE,SUZUKI,150
WIELKOPOLSKIE,TESLA,36
WIELKOPOLSKIE,TOYOTA,844
WIELKOPOLSKIE,TRABANT,1
WIELKOPOLSKIE,TRIUMPH,1
WIELKOPOLSKIE,VAUXHALL,1
WIELKOPOLSKIE,VOLKSWAGEN,1536
WIELKOPOLSKIE,VOLVO,494
ZACHODNIOPOMORSKIE,ALFA ROMEO,14
ZACHODNIOPOMORSKIE,ALLIED VEHICLES LTD,1
ZACHODNIOPOMORSKIE,ASTON MARTIN,1
ZACHODNIOPOMORSKIE,AUDI,326
ZACHODNIOPOMORSKIE,BAIC,10
ZACHODNIOPOMORSKIE,BENTLEY,1
ZACHODNIOPOMORSKIE,BMW,302
ZACHODNIOPOMORSKIE,BYD,14
ZACHODNIOPOMORSKIE,CADILLAC,1
ZACHODNIOPOMORSKIE,CHEVROLET,18
ZACHODNIOPOMORSKIE,CHRYSLER,10
ZACHODNIOPOMORSKIE,CITROEN,96
ZACHODNIOPOMORSKIE,CUPRA,59
ZACHODNIOPOMORSKIE,DACIA,71
ZACHODNIOPOMORSKIE,DAIHATSU,4
ZACHODNIOPOMORSKIE,DAIMLERCHRYSLER,14
ZACHODNIOPOMORSKIE,DODGE,25
ZACHODNIOPOMORSKIE,DS,6
ZACHODNIOPOMORSKIE,FERRARI,1
ZACHODNIOPOMORSKIE,FIAT,46
ZACHODNIOPOMORSKIE,FORD,351
ZACHODNIOPOMORSKIE,FSM,1
ZACHODNIOPOMORSKIE,HONDA,63
ZACHODNIOPOMORSKIE,HONKER,1
ZACHODNIOPOMORSKIE,HYUNDAI,203
ZACHODNIOPOMORSKIE,JAECOO,17
ZACHODNIOPOMORSKIE,JAGUAR,7
ZACHODNIOPOMORSKIE,JEEP,44
ZACHODNIOPOMORSKIE,KG MOBILITY,7
ZACHODNIOPOMORSKIE,KIA,177
ZACHODNIOPOMORSKIE,LANCIA,2
ZACHODNIOPOMORSKIE,LAND ROVER,16
ZACHODNIOPOMORSKIE,LEAPMOTOR,11
ZACHODNIOPOMORSKIE,LEXUS,43
ZACHODNIOPOMORSKIE,LINCOLN,1
ZACHODNIOPOMORSKIE,LOTUS,1
ZACHODNIOPOMORSKIE,LYNK & CO,1
ZACHODNIOPOMORSKIE,MASERATI,2
ZACHODNIOPOMORSKIE,MAZDA,91
ZACHODNIOPOMORSKIE,MERCEDES-AMG,1
ZACHODNIOPOMORSKIE,MERCEDES-BENZ,283
ZACHODNIOPOMORSKIE,MG,92
ZACHODNIOPOMORSKIE,MG ROEWE,1
ZACHODNIOPOMORSKIE,MINI,32
ZACHODNIOPOMORSKIE,MITSUBISHI,46
ZACHODNIOPOMORSKIE,NISSAN,106
ZACHODNIOPOMORSKIE,OLDSMOBILE,1
ZACHODNIOPOMORSKIE,OMODA,28
ZACHODNIOPOMORSKIE,OPEL,275
ZACHODNIOPOMORSKIE,OPEL/CARPOL,1
ZACHODNIOPOMORSKIE,PEUGEOT,133
ZACHODNIOPOMORSKIE,PORSCHE,27
ZACHODNIOPOMORSKIE,RAM,1
ZACHODNIOPOMORSKIE,RENAULT,136
ZACHODNIOPOMORSKIE,RENAULT/CARPOL,2
ZACHODNIOPOMORSKIE,SAAB,4
ZACHODNIOPOMORSKIE,SEAT,70
ZACHODNIOPOMORSKIE,SKODA,221
ZACHODNIOPOMORSKIE,SMART,9
ZACHODNIOPOMORSKIE,SSANGYONG,1
ZACHODNIOPOMORSKIE,SUBARU,11
ZACHODNIOPOMORSKIE,SUZUKI,42
ZACHODNIOPOMORSKIE,TESLA,11
ZACHODNIOPOMORSKIE,TOYOTA,275
ZACHODNIOPOMORSKIE,TOYOYA,1
ZACHODNIOPOMORSKIE,UAZ,1
ZACHODNIOPOMORSKIE,VOLKSWAGEN,556
ZACHODNIOPOMORSKIE,VOLVO,187
